sample	substitution_type	count
PD3851a	A[C>A]A	31
PD3851a	A[C>A]C	34
PD3851a	A[C>A]G	9
PD3851a	A[C>A]T	21
PD3851a	A[C>G]A	13
PD3851a	A[C>G]C	15
PD3851a	A[C>G]G	8
PD3851a	A[C>G]T	11
PD3851a	A[C>T]A	41
PD3851a	A[C>T]C	17
PD3851a	A[C>T]G	75
PD3851a	A[C>T]T	20
PD3851a	A[T>A]A	14
PD3851a	A[T>A]C	19
PD3851a	A[T>A]G	21
PD3851a	A[T>A]T	26
PD3851a	A[T>C]A	27
PD3851a	A[T>C]C	19
PD3851a	A[T>C]G	20
PD3851a	A[T>C]T	45
PD3851a	A[T>G]A	11
PD3851a	A[T>G]C	5
PD3851a	A[T>G]G	5
PD3851a	A[T>G]T	9
PD3851a	C[C>A]A	24
PD3851a	C[C>A]C	19
PD3851a	C[C>A]G	6
PD3851a	C[C>A]T	27
PD3851a	C[C>G]A	11
PD3851a	C[C>G]C	6
PD3851a	C[C>G]G	4
PD3851a	C[C>G]T	9
PD3851a	C[C>T]A	41
PD3851a	C[C>T]C	17
PD3851a	C[C>T]G	64
PD3851a	C[C>T]T	34
PD3851a	C[T>A]A	5
PD3851a	C[T>A]C	12
PD3851a	C[T>A]G	11
PD3851a	C[T>A]T	22
PD3851a	C[T>C]A	10
PD3851a	C[T>C]C	15
PD3851a	C[T>C]G	17
PD3851a	C[T>C]T	12
PD3851a	C[T>G]A	3
PD3851a	C[T>G]C	9
PD3851a	C[T>G]G	8
PD3851a	C[T>G]T	17
PD3851a	G[C>A]A	36
PD3851a	G[C>A]C	15
PD3851a	G[C>A]G	4
PD3851a	G[C>A]T	19
PD3851a	G[C>G]A	6
PD3851a	G[C>G]C	10
PD3851a	G[C>G]G	2
PD3851a	G[C>G]T	7
PD3851a	G[C>T]A	24
PD3851a	G[C>T]C	24
PD3851a	G[C>T]G	58
PD3851a	G[C>T]T	19
PD3851a	G[T>A]A	9
PD3851a	G[T>A]C	6
PD3851a	G[T>A]G	8
PD3851a	G[T>A]T	13
PD3851a	G[T>C]A	13
PD3851a	G[T>C]C	8
PD3851a	G[T>C]G	13
PD3851a	G[T>C]T	14
PD3851a	G[T>G]A	5
PD3851a	G[T>G]C	4
PD3851a	G[T>G]G	15
PD3851a	G[T>G]T	14
PD3851a	T[C>A]A	38
PD3851a	T[C>A]C	30
PD3851a	T[C>A]G	4
PD3851a	T[C>A]T	33
PD3851a	T[C>G]A	14
PD3851a	T[C>G]C	17
PD3851a	T[C>G]G	6
PD3851a	T[C>G]T	28
PD3851a	T[C>T]A	56
PD3851a	T[C>T]C	45
PD3851a	T[C>T]G	45
PD3851a	T[C>T]T	44
PD3851a	T[T>A]A	21
PD3851a	T[T>A]C	9
PD3851a	T[T>A]G	13
PD3851a	T[T>A]T	19
PD3851a	T[T>C]A	21
PD3851a	T[T>C]C	6
PD3851a	T[T>C]G	12
PD3851a	T[T>C]T	16
PD3851a	T[T>G]A	6
PD3851a	T[T>G]C	5
PD3851a	T[T>G]G	8
PD3851a	T[T>G]T	21
PD3890a	A[C>A]A	110
PD3890a	A[C>A]C	91
PD3890a	A[C>A]G	9
PD3890a	A[C>A]T	87
PD3890a	A[C>G]A	100
PD3890a	A[C>G]C	46
PD3890a	A[C>G]G	18
PD3890a	A[C>G]T	101
PD3890a	A[C>T]A	99
PD3890a	A[C>T]C	62
PD3890a	A[C>T]G	95
PD3890a	A[C>T]T	79
PD3890a	A[T>A]A	53
PD3890a	A[T>A]C	40
PD3890a	A[T>A]G	36
PD3890a	A[T>A]T	51
PD3890a	A[T>C]A	89
PD3890a	A[T>C]C	44
PD3890a	A[T>C]G	72
PD3890a	A[T>C]T	104
PD3890a	A[T>G]A	37
PD3890a	A[T>G]C	20
PD3890a	A[T>G]G	39
PD3890a	A[T>G]T	71
PD3890a	C[C>A]A	108
PD3890a	C[C>A]C	66
PD3890a	C[C>A]G	10
PD3890a	C[C>A]T	67
PD3890a	C[C>G]A	61
PD3890a	C[C>G]C	47
PD3890a	C[C>G]G	9
PD3890a	C[C>G]T	90
PD3890a	C[C>T]A	71
PD3890a	C[C>T]C	47
PD3890a	C[C>T]G	53
PD3890a	C[C>T]T	102
PD3890a	C[T>A]A	40
PD3890a	C[T>A]C	57
PD3890a	C[T>A]G	64
PD3890a	C[T>A]T	70
PD3890a	C[T>C]A	42
PD3890a	C[T>C]C	42
PD3890a	C[T>C]G	57
PD3890a	C[T>C]T	78
PD3890a	C[T>G]A	26
PD3890a	C[T>G]C	28
PD3890a	C[T>G]G	53
PD3890a	C[T>G]T	86
PD3890a	G[C>A]A	52
PD3890a	G[C>A]C	53
PD3890a	G[C>A]G	9
PD3890a	G[C>A]T	45
PD3890a	G[C>G]A	50
PD3890a	G[C>G]C	28
PD3890a	G[C>G]G	13
PD3890a	G[C>G]T	60
PD3890a	G[C>T]A	68
PD3890a	G[C>T]C	59
PD3890a	G[C>T]G	65
PD3890a	G[C>T]T	64
PD3890a	G[T>A]A	20
PD3890a	G[T>A]C	32
PD3890a	G[T>A]G	32
PD3890a	G[T>A]T	45
PD3890a	G[T>C]A	41
PD3890a	G[T>C]C	35
PD3890a	G[T>C]G	35
PD3890a	G[T>C]T	47
PD3890a	G[T>G]A	40
PD3890a	G[T>G]C	12
PD3890a	G[T>G]G	54
PD3890a	G[T>G]T	49
PD3890a	T[C>A]A	87
PD3890a	T[C>A]C	91
PD3890a	T[C>A]G	8
PD3890a	T[C>A]T	113
PD3890a	T[C>G]A	230
PD3890a	T[C>G]C	135
PD3890a	T[C>G]G	19
PD3890a	T[C>G]T	376
PD3890a	T[C>T]A	196
PD3890a	T[C>T]C	140
PD3890a	T[C>T]G	57
PD3890a	T[C>T]T	147
PD3890a	T[T>A]A	70
PD3890a	T[T>A]C	36
PD3890a	T[T>A]G	33
PD3890a	T[T>A]T	74
PD3890a	T[T>C]A	40
PD3890a	T[T>C]C	55
PD3890a	T[T>C]G	24
PD3890a	T[T>C]T	62
PD3890a	T[T>G]A	46
PD3890a	T[T>G]C	26
PD3890a	T[T>G]G	47
PD3890a	T[T>G]T	77
PD3904a	A[C>A]A	122
PD3904a	A[C>A]C	112
PD3904a	A[C>A]G	13
PD3904a	A[C>A]T	107
PD3904a	A[C>G]A	52
PD3904a	A[C>G]C	42
PD3904a	A[C>G]G	18
PD3904a	A[C>G]T	63
PD3904a	A[C>T]A	127
PD3904a	A[C>T]C	54
PD3904a	A[C>T]G	94
PD3904a	A[C>T]T	96
PD3904a	A[T>A]A	40
PD3904a	A[T>A]C	31
PD3904a	A[T>A]G	49
PD3904a	A[T>A]T	63
PD3904a	A[T>C]A	100
PD3904a	A[T>C]C	37
PD3904a	A[T>C]G	52
PD3904a	A[T>C]T	73
PD3904a	A[T>G]A	23
PD3904a	A[T>G]C	10
PD3904a	A[T>G]G	28
PD3904a	A[T>G]T	22
PD3904a	C[C>A]A	99
PD3904a	C[C>A]C	72
PD3904a	C[C>A]G	7
PD3904a	C[C>A]T	84
PD3904a	C[C>G]A	56
PD3904a	C[C>G]C	41
PD3904a	C[C>G]G	19
PD3904a	C[C>G]T	85
PD3904a	C[C>T]A	91
PD3904a	C[C>T]C	77
PD3904a	C[C>T]G	57
PD3904a	C[C>T]T	113
PD3904a	C[T>A]A	26
PD3904a	C[T>A]C	51
PD3904a	C[T>A]G	40
PD3904a	C[T>A]T	57
PD3904a	C[T>C]A	42
PD3904a	C[T>C]C	47
PD3904a	C[T>C]G	40
PD3904a	C[T>C]T	55
PD3904a	C[T>G]A	21
PD3904a	C[T>G]C	26
PD3904a	C[T>G]G	39
PD3904a	C[T>G]T	24
PD3904a	G[C>A]A	57
PD3904a	G[C>A]C	77
PD3904a	G[C>A]G	5
PD3904a	G[C>A]T	49
PD3904a	G[C>G]A	37
PD3904a	G[C>G]C	31
PD3904a	G[C>G]G	8
PD3904a	G[C>G]T	41
PD3904a	G[C>T]A	80
PD3904a	G[C>T]C	74
PD3904a	G[C>T]G	55
PD3904a	G[C>T]T	71
PD3904a	G[T>A]A	25
PD3904a	G[T>A]C	21
PD3904a	G[T>A]G	29
PD3904a	G[T>A]T	39
PD3904a	G[T>C]A	33
PD3904a	G[T>C]C	27
PD3904a	G[T>C]G	17
PD3904a	G[T>C]T	38
PD3904a	G[T>G]A	17
PD3904a	G[T>G]C	15
PD3904a	G[T>G]G	33
PD3904a	G[T>G]T	23
PD3904a	T[C>A]A	118
PD3904a	T[C>A]C	95
PD3904a	T[C>A]G	12
PD3904a	T[C>A]T	123
PD3904a	T[C>G]A	153
PD3904a	T[C>G]C	86
PD3904a	T[C>G]G	9
PD3904a	T[C>G]T	244
PD3904a	T[C>T]A	248
PD3904a	T[C>T]C	165
PD3904a	T[C>T]G	56
PD3904a	T[C>T]T	219
PD3904a	T[T>A]A	59
PD3904a	T[T>A]C	34
PD3904a	T[T>A]G	36
PD3904a	T[T>A]T	78
PD3904a	T[T>C]A	40
PD3904a	T[T>C]C	30
PD3904a	T[T>C]G	30
PD3904a	T[T>C]T	49
PD3904a	T[T>G]A	25
PD3904a	T[T>G]C	20
PD3904a	T[T>G]G	30
PD3904a	T[T>G]T	50
PD3905a	A[C>A]A	94
PD3905a	A[C>A]C	69
PD3905a	A[C>A]G	11
PD3905a	A[C>A]T	65
PD3905a	A[C>G]A	66
PD3905a	A[C>G]C	41
PD3905a	A[C>G]G	15
PD3905a	A[C>G]T	71
PD3905a	A[C>T]A	65
PD3905a	A[C>T]C	34
PD3905a	A[C>T]G	84
PD3905a	A[C>T]T	53
PD3905a	A[T>A]A	39
PD3905a	A[T>A]C	30
PD3905a	A[T>A]G	40
PD3905a	A[T>A]T	58
PD3905a	A[T>C]A	54
PD3905a	A[T>C]C	31
PD3905a	A[T>C]G	53
PD3905a	A[T>C]T	79
PD3905a	A[T>G]A	25
PD3905a	A[T>G]C	9
PD3905a	A[T>G]G	42
PD3905a	A[T>G]T	34
PD3905a	C[C>A]A	86
PD3905a	C[C>A]C	55
PD3905a	C[C>A]G	17
PD3905a	C[C>A]T	64
PD3905a	C[C>G]A	42
PD3905a	C[C>G]C	30
PD3905a	C[C>G]G	7
PD3905a	C[C>G]T	42
PD3905a	C[C>T]A	58
PD3905a	C[C>T]C	48
PD3905a	C[C>T]G	40
PD3905a	C[C>T]T	72
PD3905a	C[T>A]A	42
PD3905a	C[T>A]C	49
PD3905a	C[T>A]G	56
PD3905a	C[T>A]T	59
PD3905a	C[T>C]A	34
PD3905a	C[T>C]C	53
PD3905a	C[T>C]G	50
PD3905a	C[T>C]T	46
PD3905a	C[T>G]A	16
PD3905a	C[T>G]C	21
PD3905a	C[T>G]G	31
PD3905a	C[T>G]T	35
PD3905a	G[C>A]A	53
PD3905a	G[C>A]C	40
PD3905a	G[C>A]G	3
PD3905a	G[C>A]T	44
PD3905a	G[C>G]A	26
PD3905a	G[C>G]C	30
PD3905a	G[C>G]G	9
PD3905a	G[C>G]T	38
PD3905a	G[C>T]A	50
PD3905a	G[C>T]C	38
PD3905a	G[C>T]G	69
PD3905a	G[C>T]T	62
PD3905a	G[T>A]A	20
PD3905a	G[T>A]C	22
PD3905a	G[T>A]G	30
PD3905a	G[T>A]T	42
PD3905a	G[T>C]A	46
PD3905a	G[T>C]C	20
PD3905a	G[T>C]G	24
PD3905a	G[T>C]T	36
PD3905a	G[T>G]A	26
PD3905a	G[T>G]C	17
PD3905a	G[T>G]G	30
PD3905a	G[T>G]T	29
PD3905a	T[C>A]A	78
PD3905a	T[C>A]C	63
PD3905a	T[C>A]G	7
PD3905a	T[C>A]T	91
PD3905a	T[C>G]A	155
PD3905a	T[C>G]C	93
PD3905a	T[C>G]G	10
PD3905a	T[C>G]T	238
PD3905a	T[C>T]A	162
PD3905a	T[C>T]C	73
PD3905a	T[C>T]G	43
PD3905a	T[C>T]T	119
PD3905a	T[T>A]A	28
PD3905a	T[T>A]C	35
PD3905a	T[T>A]G	30
PD3905a	T[T>A]T	64
PD3905a	T[T>C]A	42
PD3905a	T[T>C]C	38
PD3905a	T[T>C]G	19
PD3905a	T[T>C]T	51
PD3905a	T[T>G]A	24
PD3905a	T[T>G]C	16
PD3905a	T[T>G]G	33
PD3905a	T[T>G]T	56
PD3945a	A[C>A]A	243
PD3945a	A[C>A]C	163
PD3945a	A[C>A]G	24
PD3945a	A[C>A]T	155
PD3945a	A[C>G]A	130
PD3945a	A[C>G]C	78
PD3945a	A[C>G]G	19
PD3945a	A[C>G]T	116
PD3945a	A[C>T]A	168
PD3945a	A[C>T]C	80
PD3945a	A[C>T]G	150
PD3945a	A[C>T]T	171
PD3945a	A[T>A]A	131
PD3945a	A[T>A]C	92
PD3945a	A[T>A]G	150
PD3945a	A[T>A]T	182
PD3945a	A[T>C]A	201
PD3945a	A[T>C]C	63
PD3945a	A[T>C]G	127
PD3945a	A[T>C]T	205
PD3945a	A[T>G]A	55
PD3945a	A[T>G]C	27
PD3945a	A[T>G]G	72
PD3945a	A[T>G]T	60
PD3945a	C[C>A]A	199
PD3945a	C[C>A]C	173
PD3945a	C[C>A]G	19
PD3945a	C[C>A]T	180
PD3945a	C[C>G]A	105
PD3945a	C[C>G]C	89
PD3945a	C[C>G]G	17
PD3945a	C[C>G]T	140
PD3945a	C[C>T]A	122
PD3945a	C[C>T]C	103
PD3945a	C[C>T]G	60
PD3945a	C[C>T]T	154
PD3945a	C[T>A]A	87
PD3945a	C[T>A]C	114
PD3945a	C[T>A]G	98
PD3945a	C[T>A]T	134
PD3945a	C[T>C]A	96
PD3945a	C[T>C]C	108
PD3945a	C[T>C]G	104
PD3945a	C[T>C]T	127
PD3945a	C[T>G]A	22
PD3945a	C[T>G]C	47
PD3945a	C[T>G]G	76
PD3945a	C[T>G]T	93
PD3945a	G[C>A]A	112
PD3945a	G[C>A]C	103
PD3945a	G[C>A]G	14
PD3945a	G[C>A]T	101
PD3945a	G[C>G]A	61
PD3945a	G[C>G]C	62
PD3945a	G[C>G]G	13
PD3945a	G[C>G]T	85
PD3945a	G[C>T]A	116
PD3945a	G[C>T]C	99
PD3945a	G[C>T]G	119
PD3945a	G[C>T]T	117
PD3945a	G[T>A]A	58
PD3945a	G[T>A]C	64
PD3945a	G[T>A]G	69
PD3945a	G[T>A]T	90
PD3945a	G[T>C]A	72
PD3945a	G[T>C]C	41
PD3945a	G[T>C]G	56
PD3945a	G[T>C]T	85
PD3945a	G[T>G]A	32
PD3945a	G[T>G]C	28
PD3945a	G[T>G]G	62
PD3945a	G[T>G]T	51
PD3945a	T[C>A]A	257
PD3945a	T[C>A]C	159
PD3945a	T[C>A]G	18
PD3945a	T[C>A]T	288
PD3945a	T[C>G]A	184
PD3945a	T[C>G]C	159
PD3945a	T[C>G]G	7
PD3945a	T[C>G]T	382
PD3945a	T[C>T]A	263
PD3945a	T[C>T]C	166
PD3945a	T[C>T]G	61
PD3945a	T[C>T]T	234
PD3945a	T[T>A]A	130
PD3945a	T[T>A]C	99
PD3945a	T[T>A]G	49
PD3945a	T[T>A]T	165
PD3945a	T[T>C]A	114
PD3945a	T[T>C]C	78
PD3945a	T[T>C]G	49
PD3945a	T[T>C]T	98
PD3945a	T[T>G]A	53
PD3945a	T[T>G]C	50
PD3945a	T[T>G]G	85
PD3945a	T[T>G]T	121
PD4005a	A[C>A]A	74
PD4005a	A[C>A]C	66
PD4005a	A[C>A]G	12
PD4005a	A[C>A]T	64
PD4005a	A[C>G]A	56
PD4005a	A[C>G]C	34
PD4005a	A[C>G]G	16
PD4005a	A[C>G]T	79
PD4005a	A[C>T]A	61
PD4005a	A[C>T]C	49
PD4005a	A[C>T]G	108
PD4005a	A[C>T]T	78
PD4005a	A[T>A]A	25
PD4005a	A[T>A]C	36
PD4005a	A[T>A]G	32
PD4005a	A[T>A]T	34
PD4005a	A[T>C]A	72
PD4005a	A[T>C]C	34
PD4005a	A[T>C]G	61
PD4005a	A[T>C]T	89
PD4005a	A[T>G]A	16
PD4005a	A[T>G]C	7
PD4005a	A[T>G]G	38
PD4005a	A[T>G]T	32
PD4005a	C[C>A]A	66
PD4005a	C[C>A]C	77
PD4005a	C[C>A]G	5
PD4005a	C[C>A]T	46
PD4005a	C[C>G]A	56
PD4005a	C[C>G]C	49
PD4005a	C[C>G]G	14
PD4005a	C[C>G]T	67
PD4005a	C[C>T]A	60
PD4005a	C[C>T]C	41
PD4005a	C[C>T]G	65
PD4005a	C[C>T]T	86
PD4005a	C[T>A]A	26
PD4005a	C[T>A]C	41
PD4005a	C[T>A]G	45
PD4005a	C[T>A]T	54
PD4005a	C[T>C]A	37
PD4005a	C[T>C]C	42
PD4005a	C[T>C]G	39
PD4005a	C[T>C]T	49
PD4005a	C[T>G]A	18
PD4005a	C[T>G]C	15
PD4005a	C[T>G]G	47
PD4005a	C[T>G]T	30
PD4005a	G[C>A]A	41
PD4005a	G[C>A]C	40
PD4005a	G[C>A]G	5
PD4005a	G[C>A]T	40
PD4005a	G[C>G]A	25
PD4005a	G[C>G]C	26
PD4005a	G[C>G]G	9
PD4005a	G[C>G]T	52
PD4005a	G[C>T]A	58
PD4005a	G[C>T]C	45
PD4005a	G[C>T]G	56
PD4005a	G[C>T]T	53
PD4005a	G[T>A]A	24
PD4005a	G[T>A]C	21
PD4005a	G[T>A]G	26
PD4005a	G[T>A]T	35
PD4005a	G[T>C]A	38
PD4005a	G[T>C]C	22
PD4005a	G[T>C]G	29
PD4005a	G[T>C]T	31
PD4005a	G[T>G]A	20
PD4005a	G[T>G]C	18
PD4005a	G[T>G]G	37
PD4005a	G[T>G]T	34
PD4005a	T[C>A]A	160
PD4005a	T[C>A]C	111
PD4005a	T[C>A]G	9
PD4005a	T[C>A]T	152
PD4005a	T[C>G]A	437
PD4005a	T[C>G]C	141
PD4005a	T[C>G]G	21
PD4005a	T[C>G]T	639
PD4005a	T[C>T]A	470
PD4005a	T[C>T]C	143
PD4005a	T[C>T]G	58
PD4005a	T[C>T]T	298
PD4005a	T[T>A]A	34
PD4005a	T[T>A]C	27
PD4005a	T[T>A]G	17
PD4005a	T[T>A]T	54
PD4005a	T[T>C]A	47
PD4005a	T[T>C]C	40
PD4005a	T[T>C]G	25
PD4005a	T[T>C]T	55
PD4005a	T[T>G]A	29
PD4005a	T[T>G]C	20
PD4005a	T[T>G]G	33
PD4005a	T[T>G]T	51
PD4006a	A[C>A]A	198
PD4006a	A[C>A]C	173
PD4006a	A[C>A]G	33
PD4006a	A[C>A]T	192
PD4006a	A[C>G]A	164
PD4006a	A[C>G]C	96
PD4006a	A[C>G]G	56
PD4006a	A[C>G]T	156
PD4006a	A[C>T]A	170
PD4006a	A[C>T]C	85
PD4006a	A[C>T]G	152
PD4006a	A[C>T]T	170
PD4006a	A[T>A]A	58
PD4006a	A[T>A]C	63
PD4006a	A[T>A]G	100
PD4006a	A[T>A]T	121
PD4006a	A[T>C]A	126
PD4006a	A[T>C]C	99
PD4006a	A[T>C]G	107
PD4006a	A[T>C]T	156
PD4006a	A[T>G]A	52
PD4006a	A[T>G]C	21
PD4006a	A[T>G]G	87
PD4006a	A[T>G]T	43
PD4006a	C[C>A]A	175
PD4006a	C[C>A]C	147
PD4006a	C[C>A]G	32
PD4006a	C[C>A]T	153
PD4006a	C[C>G]A	106
PD4006a	C[C>G]C	74
PD4006a	C[C>G]G	43
PD4006a	C[C>G]T	130
PD4006a	C[C>T]A	96
PD4006a	C[C>T]C	61
PD4006a	C[C>T]G	88
PD4006a	C[C>T]T	158
PD4006a	C[T>A]A	65
PD4006a	C[T>A]C	111
PD4006a	C[T>A]G	90
PD4006a	C[T>A]T	168
PD4006a	C[T>C]A	91
PD4006a	C[T>C]C	105
PD4006a	C[T>C]G	76
PD4006a	C[T>C]T	79
PD4006a	C[T>G]A	39
PD4006a	C[T>G]C	41
PD4006a	C[T>G]G	62
PD4006a	C[T>G]T	77
PD4006a	G[C>A]A	135
PD4006a	G[C>A]C	85
PD4006a	G[C>A]G	11
PD4006a	G[C>A]T	97
PD4006a	G[C>G]A	68
PD4006a	G[C>G]C	54
PD4006a	G[C>G]G	24
PD4006a	G[C>G]T	124
PD4006a	G[C>T]A	99
PD4006a	G[C>T]C	75
PD4006a	G[C>T]G	108
PD4006a	G[C>T]T	104
PD4006a	G[T>A]A	63
PD4006a	G[T>A]C	40
PD4006a	G[T>A]G	55
PD4006a	G[T>A]T	83
PD4006a	G[T>C]A	77
PD4006a	G[T>C]C	59
PD4006a	G[T>C]G	52
PD4006a	G[T>C]T	74
PD4006a	G[T>G]A	50
PD4006a	G[T>G]C	24
PD4006a	G[T>G]G	59
PD4006a	G[T>G]T	51
PD4006a	T[C>A]A	148
PD4006a	T[C>A]C	145
PD4006a	T[C>A]G	13
PD4006a	T[C>A]T	167
PD4006a	T[C>G]A	149
PD4006a	T[C>G]C	118
PD4006a	T[C>G]G	32
PD4006a	T[C>G]T	298
PD4006a	T[C>T]A	131
PD4006a	T[C>T]C	86
PD4006a	T[C>T]G	72
PD4006a	T[C>T]T	138
PD4006a	T[T>A]A	97
PD4006a	T[T>A]C	84
PD4006a	T[T>A]G	56
PD4006a	T[T>A]T	200
PD4006a	T[T>C]A	91
PD4006a	T[T>C]C	99
PD4006a	T[T>C]G	49
PD4006a	T[T>C]T	94
PD4006a	T[T>G]A	53
PD4006a	T[T>G]C	41
PD4006a	T[T>G]G	87
PD4006a	T[T>G]T	130
PD4085a	A[C>A]A	61
PD4085a	A[C>A]C	51
PD4085a	A[C>A]G	7
PD4085a	A[C>A]T	49
PD4085a	A[C>G]A	18
PD4085a	A[C>G]C	18
PD4085a	A[C>G]G	7
PD4085a	A[C>G]T	25
PD4085a	A[C>T]A	62
PD4085a	A[C>T]C	28
PD4085a	A[C>T]G	128
PD4085a	A[C>T]T	28
PD4085a	A[T>A]A	22
PD4085a	A[T>A]C	30
PD4085a	A[T>A]G	29
PD4085a	A[T>A]T	38
PD4085a	A[T>C]A	56
PD4085a	A[T>C]C	22
PD4085a	A[T>C]G	34
PD4085a	A[T>C]T	64
PD4085a	A[T>G]A	13
PD4085a	A[T>G]C	9
PD4085a	A[T>G]G	7
PD4085a	A[T>G]T	8
PD4085a	C[C>A]A	36
PD4085a	C[C>A]C	33
PD4085a	C[C>A]G	3
PD4085a	C[C>A]T	23
PD4085a	C[C>G]A	8
PD4085a	C[C>G]C	16
PD4085a	C[C>G]G	2
PD4085a	C[C>G]T	15
PD4085a	C[C>T]A	42
PD4085a	C[C>T]C	39
PD4085a	C[C>T]G	67
PD4085a	C[C>T]T	49
PD4085a	C[T>A]A	8
PD4085a	C[T>A]C	27
PD4085a	C[T>A]G	15
PD4085a	C[T>A]T	20
PD4085a	C[T>C]A	15
PD4085a	C[T>C]C	17
PD4085a	C[T>C]G	16
PD4085a	C[T>C]T	21
PD4085a	C[T>G]A	5
PD4085a	C[T>G]C	7
PD4085a	C[T>G]G	13
PD4085a	C[T>G]T	19
PD4085a	G[C>A]A	46
PD4085a	G[C>A]C	23
PD4085a	G[C>A]G	6
PD4085a	G[C>A]T	23
PD4085a	G[C>G]A	13
PD4085a	G[C>G]C	11
PD4085a	G[C>G]G	1
PD4085a	G[C>G]T	14
PD4085a	G[C>T]A	38
PD4085a	G[C>T]C	27
PD4085a	G[C>T]G	81
PD4085a	G[C>T]T	35
PD4085a	G[T>A]A	3
PD4085a	G[T>A]C	10
PD4085a	G[T>A]G	8
PD4085a	G[T>A]T	15
PD4085a	G[T>C]A	25
PD4085a	G[T>C]C	13
PD4085a	G[T>C]G	22
PD4085a	G[T>C]T	39
PD4085a	G[T>G]A	7
PD4085a	G[T>G]C	3
PD4085a	G[T>G]G	14
PD4085a	G[T>G]T	18
PD4085a	T[C>A]A	59
PD4085a	T[C>A]C	39
PD4085a	T[C>A]G	12
PD4085a	T[C>A]T	73
PD4085a	T[C>G]A	16
PD4085a	T[C>G]C	26
PD4085a	T[C>G]G	2
PD4085a	T[C>G]T	52
PD4085a	T[C>T]A	76
PD4085a	T[C>T]C	64
PD4085a	T[C>T]G	57
PD4085a	T[C>T]T	74
PD4085a	T[T>A]A	51
PD4085a	T[T>A]C	17
PD4085a	T[T>A]G	14
PD4085a	T[T>A]T	34
PD4085a	T[T>C]A	32
PD4085a	T[T>C]C	28
PD4085a	T[T>C]G	6
PD4085a	T[T>C]T	43
PD4085a	T[T>G]A	14
PD4085a	T[T>G]C	9
PD4085a	T[T>G]G	16
PD4085a	T[T>G]T	34
PD4086a	A[C>A]A	31
PD4086a	A[C>A]C	19
PD4086a	A[C>A]G	8
PD4086a	A[C>A]T	23
PD4086a	A[C>G]A	18
PD4086a	A[C>G]C	14
PD4086a	A[C>G]T	22
PD4086a	A[C>T]A	28
PD4086a	A[C>T]C	18
PD4086a	A[C>T]G	57
PD4086a	A[C>T]T	23
PD4086a	A[T>A]A	17
PD4086a	A[T>A]C	19
PD4086a	A[T>A]G	14
PD4086a	A[T>A]T	21
PD4086a	A[T>C]A	37
PD4086a	A[T>C]C	18
PD4086a	A[T>C]G	40
PD4086a	A[T>C]T	50
PD4086a	A[T>G]A	13
PD4086a	A[T>G]C	6
PD4086a	A[T>G]G	11
PD4086a	A[T>G]T	11
PD4086a	C[C>A]A	30
PD4086a	C[C>A]C	17
PD4086a	C[C>A]G	2
PD4086a	C[C>A]T	22
PD4086a	C[C>G]A	9
PD4086a	C[C>G]C	6
PD4086a	C[C>G]G	6
PD4086a	C[C>G]T	16
PD4086a	C[C>T]A	19
PD4086a	C[C>T]C	24
PD4086a	C[C>T]G	49
PD4086a	C[C>T]T	36
PD4086a	C[T>A]A	10
PD4086a	C[T>A]C	13
PD4086a	C[T>A]G	13
PD4086a	C[T>A]T	12
PD4086a	C[T>C]A	12
PD4086a	C[T>C]C	3
PD4086a	C[T>C]G	21
PD4086a	C[T>C]T	20
PD4086a	C[T>G]A	6
PD4086a	C[T>G]C	5
PD4086a	C[T>G]G	11
PD4086a	C[T>G]T	16
PD4086a	G[C>A]A	18
PD4086a	G[C>A]C	13
PD4086a	G[C>A]G	3
PD4086a	G[C>A]T	17
PD4086a	G[C>G]A	11
PD4086a	G[C>G]C	11
PD4086a	G[C>G]G	3
PD4086a	G[C>G]T	19
PD4086a	G[C>T]A	18
PD4086a	G[C>T]C	18
PD4086a	G[C>T]G	40
PD4086a	G[C>T]T	21
PD4086a	G[T>A]A	10
PD4086a	G[T>A]C	9
PD4086a	G[T>A]G	6
PD4086a	G[T>A]T	8
PD4086a	G[T>C]A	17
PD4086a	G[T>C]C	11
PD4086a	G[T>C]G	15
PD4086a	G[T>C]T	17
PD4086a	G[T>G]A	3
PD4086a	G[T>G]C	7
PD4086a	G[T>G]G	12
PD4086a	G[T>G]T	7
PD4086a	T[C>A]A	36
PD4086a	T[C>A]C	38
PD4086a	T[C>A]G	6
PD4086a	T[C>A]T	32
PD4086a	T[C>G]A	141
PD4086a	T[C>G]C	52
PD4086a	T[C>G]G	11
PD4086a	T[C>G]T	167
PD4086a	T[C>T]A	156
PD4086a	T[C>T]C	48
PD4086a	T[C>T]G	36
PD4086a	T[C>T]T	92
PD4086a	T[T>A]A	24
PD4086a	T[T>A]C	11
PD4086a	T[T>A]G	7
PD4086a	T[T>A]T	16
PD4086a	T[T>C]A	15
PD4086a	T[T>C]C	12
PD4086a	T[T>C]G	13
PD4086a	T[T>C]T	19
PD4086a	T[T>G]A	12
PD4086a	T[T>G]C	6
PD4086a	T[T>G]G	12
PD4086a	T[T>G]T	27
PD4088a	A[C>A]A	34
PD4088a	A[C>A]C	18
PD4088a	A[C>A]G	3
PD4088a	A[C>A]T	26
PD4088a	A[C>G]A	15
PD4088a	A[C>G]C	11
PD4088a	A[C>G]G	2
PD4088a	A[C>G]T	16
PD4088a	A[C>T]A	46
PD4088a	A[C>T]C	15
PD4088a	A[C>T]G	125
PD4088a	A[C>T]T	29
PD4088a	A[T>A]A	12
PD4088a	A[T>A]C	10
PD4088a	A[T>A]G	10
PD4088a	A[T>A]T	14
PD4088a	A[T>C]A	20
PD4088a	A[T>C]C	10
PD4088a	A[T>C]G	18
PD4088a	A[T>C]T	27
PD4088a	A[T>G]A	4
PD4088a	A[T>G]C	1
PD4088a	A[T>G]G	5
PD4088a	A[T>G]T	5
PD4088a	C[C>A]A	38
PD4088a	C[C>A]C	12
PD4088a	C[C>A]G	4
PD4088a	C[C>A]T	25
PD4088a	C[C>G]A	8
PD4088a	C[C>G]C	7
PD4088a	C[C>G]T	19
PD4088a	C[C>T]A	21
PD4088a	C[C>T]C	15
PD4088a	C[C>T]G	49
PD4088a	C[C>T]T	33
PD4088a	C[T>A]A	3
PD4088a	C[T>A]C	8
PD4088a	C[T>A]G	5
PD4088a	C[T>A]T	14
PD4088a	C[T>C]A	10
PD4088a	C[T>C]C	17
PD4088a	C[T>C]G	7
PD4088a	C[T>C]T	10
PD4088a	C[T>G]A	3
PD4088a	C[T>G]C	4
PD4088a	C[T>G]G	4
PD4088a	C[T>G]T	11
PD4088a	G[C>A]A	44
PD4088a	G[C>A]C	9
PD4088a	G[C>A]G	6
PD4088a	G[C>A]T	22
PD4088a	G[C>G]A	8
PD4088a	G[C>G]C	7
PD4088a	G[C>G]T	4
PD4088a	G[C>T]A	23
PD4088a	G[C>T]C	17
PD4088a	G[C>T]G	61
PD4088a	G[C>T]T	15
PD4088a	G[T>A]A	4
PD4088a	G[T>A]C	7
PD4088a	G[T>A]G	8
PD4088a	G[T>A]T	2
PD4088a	G[T>C]A	17
PD4088a	G[T>C]C	11
PD4088a	G[T>C]G	6
PD4088a	G[T>C]T	11
PD4088a	G[T>G]A	4
PD4088a	G[T>G]C	3
PD4088a	G[T>G]G	2
PD4088a	G[T>G]T	6
PD4088a	T[C>A]A	55
PD4088a	T[C>A]C	30
PD4088a	T[C>A]G	2
PD4088a	T[C>A]T	72
PD4088a	T[C>G]A	40
PD4088a	T[C>G]C	22
PD4088a	T[C>G]G	1
PD4088a	T[C>G]T	44
PD4088a	T[C>T]A	64
PD4088a	T[C>T]C	41
PD4088a	T[C>T]G	53
PD4088a	T[C>T]T	63
PD4088a	T[T>A]A	15
PD4088a	T[T>A]C	5
PD4088a	T[T>A]G	7
PD4088a	T[T>A]T	12
PD4088a	T[T>C]A	13
PD4088a	T[T>C]C	12
PD4088a	T[T>C]G	7
PD4088a	T[T>C]T	16
PD4088a	T[T>G]A	8
PD4088a	T[T>G]C	5
PD4088a	T[T>G]G	8
PD4088a	T[T>G]T	10
PD4103a	A[C>A]A	112
PD4103a	A[C>A]C	50
PD4103a	A[C>A]G	7
PD4103a	A[C>A]T	44
PD4103a	A[C>G]A	30
PD4103a	A[C>G]C	28
PD4103a	A[C>G]G	9
PD4103a	A[C>G]T	33
PD4103a	A[C>T]A	99
PD4103a	A[C>T]C	52
PD4103a	A[C>T]G	242
PD4103a	A[C>T]T	60
PD4103a	A[T>A]A	29
PD4103a	A[T>A]C	32
PD4103a	A[T>A]G	29
PD4103a	A[T>A]T	53
PD4103a	A[T>C]A	72
PD4103a	A[T>C]C	27
PD4103a	A[T>C]G	49
PD4103a	A[T>C]T	69
PD4103a	A[T>G]A	22
PD4103a	A[T>G]C	7
PD4103a	A[T>G]G	10
PD4103a	A[T>G]T	27
PD4103a	C[C>A]A	64
PD4103a	C[C>A]C	32
PD4103a	C[C>A]G	12
PD4103a	C[C>A]T	66
PD4103a	C[C>G]A	28
PD4103a	C[C>G]C	21
PD4103a	C[C>G]G	11
PD4103a	C[C>G]T	37
PD4103a	C[C>T]A	88
PD4103a	C[C>T]C	63
PD4103a	C[C>T]G	148
PD4103a	C[C>T]T	104
PD4103a	C[T>A]A	16
PD4103a	C[T>A]C	21
PD4103a	C[T>A]G	24
PD4103a	C[T>A]T	37
PD4103a	C[T>C]A	27
PD4103a	C[T>C]C	29
PD4103a	C[T>C]G	26
PD4103a	C[T>C]T	55
PD4103a	C[T>G]A	15
PD4103a	C[T>G]C	11
PD4103a	C[T>G]G	19
PD4103a	C[T>G]T	51
PD4103a	G[C>A]A	65
PD4103a	G[C>A]C	40
PD4103a	G[C>A]G	9
PD4103a	G[C>A]T	60
PD4103a	G[C>G]A	14
PD4103a	G[C>G]C	19
PD4103a	G[C>G]G	1
PD4103a	G[C>G]T	18
PD4103a	G[C>T]A	70
PD4103a	G[C>T]C	64
PD4103a	G[C>T]G	150
PD4103a	G[C>T]T	71
PD4103a	G[T>A]A	11
PD4103a	G[T>A]C	11
PD4103a	G[T>A]G	10
PD4103a	G[T>A]T	22
PD4103a	G[T>C]A	27
PD4103a	G[T>C]C	19
PD4103a	G[T>C]G	17
PD4103a	G[T>C]T	41
PD4103a	G[T>G]A	4
PD4103a	G[T>G]C	7
PD4103a	G[T>G]G	9
PD4103a	G[T>G]T	18
PD4103a	T[C>A]A	148
PD4103a	T[C>A]C	93
PD4103a	T[C>A]G	20
PD4103a	T[C>A]T	152
PD4103a	T[C>G]A	158
PD4103a	T[C>G]C	74
PD4103a	T[C>G]G	9
PD4103a	T[C>G]T	279
PD4103a	T[C>T]A	376
PD4103a	T[C>T]C	183
PD4103a	T[C>T]G	129
PD4103a	T[C>T]T	277
PD4103a	T[T>A]A	107
PD4103a	T[T>A]C	21
PD4103a	T[T>A]G	14
PD4103a	T[T>A]T	41
PD4103a	T[T>C]A	49
PD4103a	T[T>C]C	30
PD4103a	T[T>C]G	34
PD4103a	T[T>C]T	65
PD4103a	T[T>G]A	19
PD4103a	T[T>G]C	20
PD4103a	T[T>G]G	22
PD4103a	T[T>G]T	66
PD4107a	A[C>A]A	210
PD4107a	A[C>A]C	176
PD4107a	A[C>A]G	33
PD4107a	A[C>A]T	176
PD4107a	A[C>G]A	126
PD4107a	A[C>G]C	85
PD4107a	A[C>G]G	61
PD4107a	A[C>G]T	118
PD4107a	A[C>T]A	191
PD4107a	A[C>T]C	68
PD4107a	A[C>T]G	157
PD4107a	A[C>T]T	176
PD4107a	A[T>A]A	65
PD4107a	A[T>A]C	66
PD4107a	A[T>A]G	91
PD4107a	A[T>A]T	121
PD4107a	A[T>C]A	169
PD4107a	A[T>C]C	95
PD4107a	A[T>C]G	115
PD4107a	A[T>C]T	180
PD4107a	A[T>G]A	53
PD4107a	A[T>G]C	23
PD4107a	A[T>G]G	71
PD4107a	A[T>G]T	45
PD4107a	C[C>A]A	178
PD4107a	C[C>A]C	167
PD4107a	C[C>A]G	29
PD4107a	C[C>A]T	188
PD4107a	C[C>G]A	93
PD4107a	C[C>G]C	82
PD4107a	C[C>G]G	39
PD4107a	C[C>G]T	116
PD4107a	C[C>T]A	123
PD4107a	C[C>T]C	85
PD4107a	C[C>T]G	105
PD4107a	C[C>T]T	185
PD4107a	C[T>A]A	88
PD4107a	C[T>A]C	103
PD4107a	C[T>A]G	115
PD4107a	C[T>A]T	165
PD4107a	C[T>C]A	80
PD4107a	C[T>C]C	161
PD4107a	C[T>C]G	70
PD4107a	C[T>C]T	120
PD4107a	C[T>G]A	42
PD4107a	C[T>G]C	39
PD4107a	C[T>G]G	77
PD4107a	C[T>G]T	76
PD4107a	G[C>A]A	168
PD4107a	G[C>A]C	92
PD4107a	G[C>A]G	15
PD4107a	G[C>A]T	125
PD4107a	G[C>G]A	66
PD4107a	G[C>G]C	58
PD4107a	G[C>G]G	19
PD4107a	G[C>G]T	94
PD4107a	G[C>T]A	108
PD4107a	G[C>T]C	83
PD4107a	G[C>T]G	124
PD4107a	G[C>T]T	103
PD4107a	G[T>A]A	67
PD4107a	G[T>A]C	43
PD4107a	G[T>A]G	57
PD4107a	G[T>A]T	106
PD4107a	G[T>C]A	73
PD4107a	G[T>C]C	68
PD4107a	G[T>C]G	68
PD4107a	G[T>C]T	69
PD4107a	G[T>G]A	29
PD4107a	G[T>G]C	25
PD4107a	G[T>G]G	88
PD4107a	G[T>G]T	69
PD4107a	T[C>A]A	168
PD4107a	T[C>A]C	130
PD4107a	T[C>A]G	25
PD4107a	T[C>A]T	234
PD4107a	T[C>G]A	140
PD4107a	T[C>G]C	132
PD4107a	T[C>G]G	19
PD4107a	T[C>G]T	264
PD4107a	T[C>T]A	418
PD4107a	T[C>T]C	237
PD4107a	T[C>T]G	77
PD4107a	T[C>T]T	369
PD4107a	T[T>A]A	94
PD4107a	T[T>A]C	69
PD4107a	T[T>A]G	55
PD4107a	T[T>A]T	184
PD4107a	T[T>C]A	81
PD4107a	T[T>C]C	104
PD4107a	T[T>C]G	63
PD4107a	T[T>C]T	116
PD4107a	T[T>G]A	64
PD4107a	T[T>G]C	56
PD4107a	T[T>G]G	71
PD4107a	T[T>G]T	107
PD4109a	A[C>A]A	122
PD4109a	A[C>A]C	133
PD4109a	A[C>A]G	12
PD4109a	A[C>A]T	96
PD4109a	A[C>G]A	95
PD4109a	A[C>G]C	72
PD4109a	A[C>G]G	25
PD4109a	A[C>G]T	104
PD4109a	A[C>T]A	162
PD4109a	A[C>T]C	87
PD4109a	A[C>T]G	328
PD4109a	A[C>T]T	113
PD4109a	A[T>A]A	68
PD4109a	A[T>A]C	61
PD4109a	A[T>A]G	65
PD4109a	A[T>A]T	186
PD4109a	A[T>C]A	179
PD4109a	A[T>C]C	73
PD4109a	A[T>C]G	118
PD4109a	A[T>C]T	157
PD4109a	A[T>G]A	47
PD4109a	A[T>G]C	19
PD4109a	A[T>G]G	44
PD4109a	A[T>G]T	43
PD4109a	C[C>A]A	136
PD4109a	C[C>A]C	81
PD4109a	C[C>A]G	15
PD4109a	C[C>A]T	112
PD4109a	C[C>G]A	72
PD4109a	C[C>G]C	44
PD4109a	C[C>G]G	23
PD4109a	C[C>G]T	111
PD4109a	C[C>T]A	127
PD4109a	C[C>T]C	97
PD4109a	C[C>T]G	195
PD4109a	C[C>T]T	141
PD4109a	C[T>A]A	41
PD4109a	C[T>A]C	42
PD4109a	C[T>A]G	40
PD4109a	C[T>A]T	71
PD4109a	C[T>C]A	84
PD4109a	C[T>C]C	76
PD4109a	C[T>C]G	82
PD4109a	C[T>C]T	89
PD4109a	C[T>G]A	28
PD4109a	C[T>G]C	24
PD4109a	C[T>G]G	68
PD4109a	C[T>G]T	76
PD4109a	G[C>A]A	110
PD4109a	G[C>A]C	57
PD4109a	G[C>A]G	15
PD4109a	G[C>A]T	82
PD4109a	G[C>G]A	40
PD4109a	G[C>G]C	43
PD4109a	G[C>G]G	9
PD4109a	G[C>G]T	69
PD4109a	G[C>T]A	94
PD4109a	G[C>T]C	87
PD4109a	G[C>T]G	250
PD4109a	G[C>T]T	97
PD4109a	G[T>A]A	27
PD4109a	G[T>A]C	29
PD4109a	G[T>A]G	35
PD4109a	G[T>A]T	46
PD4109a	G[T>C]A	78
PD4109a	G[T>C]C	47
PD4109a	G[T>C]G	55
PD4109a	G[T>C]T	91
PD4109a	G[T>G]A	22
PD4109a	G[T>G]C	13
PD4109a	G[T>G]G	29
PD4109a	G[T>G]T	35
PD4109a	T[C>A]A	192
PD4109a	T[C>A]C	155
PD4109a	T[C>A]G	22
PD4109a	T[C>A]T	289
PD4109a	T[C>G]A	401
PD4109a	T[C>G]C	246
PD4109a	T[C>G]G	20
PD4109a	T[C>G]T	671
PD4109a	T[C>T]A	416
PD4109a	T[C>T]C	261
PD4109a	T[C>T]G	206
PD4109a	T[C>T]T	374
PD4109a	T[T>A]A	164
PD4109a	T[T>A]C	53
PD4109a	T[T>A]G	48
PD4109a	T[T>A]T	123
PD4109a	T[T>C]A	88
PD4109a	T[T>C]C	89
PD4109a	T[T>C]G	49
PD4109a	T[T>C]T	90
PD4109a	T[T>G]A	39
PD4109a	T[T>G]C	24
PD4109a	T[T>G]G	41
PD4109a	T[T>G]T	83
PD4115a	A[C>A]A	228
PD4115a	A[C>A]C	169
PD4115a	A[C>A]G	21
PD4115a	A[C>A]T	158
PD4115a	A[C>G]A	128
PD4115a	A[C>G]C	74
PD4115a	A[C>G]G	21
PD4115a	A[C>G]T	130
PD4115a	A[C>T]A	179
PD4115a	A[C>T]C	89
PD4115a	A[C>T]G	194
PD4115a	A[C>T]T	149
PD4115a	A[T>A]A	79
PD4115a	A[T>A]C	74
PD4115a	A[T>A]G	99
PD4115a	A[T>A]T	141
PD4115a	A[T>C]A	173
PD4115a	A[T>C]C	80
PD4115a	A[T>C]G	120
PD4115a	A[T>C]T	203
PD4115a	A[T>G]A	51
PD4115a	A[T>G]C	18
PD4115a	A[T>G]G	67
PD4115a	A[T>G]T	48
PD4115a	C[C>A]A	184
PD4115a	C[C>A]C	139
PD4115a	C[C>A]G	16
PD4115a	C[C>A]T	149
PD4115a	C[C>G]A	100
PD4115a	C[C>G]C	93
PD4115a	C[C>G]G	24
PD4115a	C[C>G]T	149
PD4115a	C[C>T]A	132
PD4115a	C[C>T]C	100
PD4115a	C[C>T]G	107
PD4115a	C[C>T]T	148
PD4115a	C[T>A]A	88
PD4115a	C[T>A]C	106
PD4115a	C[T>A]G	87
PD4115a	C[T>A]T	158
PD4115a	C[T>C]A	72
PD4115a	C[T>C]C	119
PD4115a	C[T>C]G	76
PD4115a	C[T>C]T	142
PD4115a	C[T>G]A	39
PD4115a	C[T>G]C	60
PD4115a	C[T>G]G	69
PD4115a	C[T>G]T	157
PD4115a	G[C>A]A	132
PD4115a	G[C>A]C	123
PD4115a	G[C>A]G	17
PD4115a	G[C>A]T	136
PD4115a	G[C>G]A	48
PD4115a	G[C>G]C	57
PD4115a	G[C>G]G	12
PD4115a	G[C>G]T	91
PD4115a	G[C>T]A	134
PD4115a	G[C>T]C	93
PD4115a	G[C>T]G	114
PD4115a	G[C>T]T	105
PD4115a	G[T>A]A	57
PD4115a	G[T>A]C	58
PD4115a	G[T>A]G	54
PD4115a	G[T>A]T	108
PD4115a	G[T>C]A	91
PD4115a	G[T>C]C	63
PD4115a	G[T>C]G	52
PD4115a	G[T>C]T	103
PD4115a	G[T>G]A	38
PD4115a	G[T>G]C	28
PD4115a	G[T>G]G	77
PD4115a	G[T>G]T	75
PD4115a	T[C>A]A	152
PD4115a	T[C>A]C	149
PD4115a	T[C>A]G	18
PD4115a	T[C>A]T	255
PD4115a	T[C>G]A	160
PD4115a	T[C>G]C	145
PD4115a	T[C>G]G	13
PD4115a	T[C>G]T	288
PD4115a	T[C>T]A	201
PD4115a	T[C>T]C	156
PD4115a	T[C>T]G	84
PD4115a	T[C>T]T	194
PD4115a	T[T>A]A	126
PD4115a	T[T>A]C	76
PD4115a	T[T>A]G	61
PD4115a	T[T>A]T	138
PD4115a	T[T>C]A	106
PD4115a	T[T>C]C	60
PD4115a	T[T>C]G	66
PD4115a	T[T>C]T	126
PD4115a	T[T>G]A	62
PD4115a	T[T>G]C	33
PD4115a	T[T>G]G	80
PD4115a	T[T>G]T	132
PD4116a	A[C>A]A	128
PD4116a	A[C>A]C	138
PD4116a	A[C>A]G	15
PD4116a	A[C>A]T	142
PD4116a	A[C>G]A	102
PD4116a	A[C>G]C	71
PD4116a	A[C>G]G	22
PD4116a	A[C>G]T	103
PD4116a	A[C>T]A	127
PD4116a	A[C>T]C	63
PD4116a	A[C>T]G	79
PD4116a	A[C>T]T	94
PD4116a	A[T>A]A	95
PD4116a	A[T>A]C	62
PD4116a	A[T>A]G	60
PD4116a	A[T>A]T	97
PD4116a	A[T>C]A	135
PD4116a	A[T>C]C	67
PD4116a	A[T>C]G	96
PD4116a	A[T>C]T	113
PD4116a	A[T>G]A	33
PD4116a	A[T>G]C	23
PD4116a	A[T>G]G	46
PD4116a	A[T>G]T	41
PD4116a	C[C>A]A	163
PD4116a	C[C>A]C	159
PD4116a	C[C>A]G	28
PD4116a	C[C>A]T	124
PD4116a	C[C>G]A	79
PD4116a	C[C>G]C	70
PD4116a	C[C>G]G	22
PD4116a	C[C>G]T	98
PD4116a	C[C>T]A	109
PD4116a	C[C>T]C	80
PD4116a	C[C>T]G	69
PD4116a	C[C>T]T	146
PD4116a	C[T>A]A	80
PD4116a	C[T>A]C	85
PD4116a	C[T>A]G	86
PD4116a	C[T>A]T	97
PD4116a	C[T>C]A	67
PD4116a	C[T>C]C	80
PD4116a	C[T>C]G	64
PD4116a	C[T>C]T	87
PD4116a	C[T>G]A	32
PD4116a	C[T>G]C	20
PD4116a	C[T>G]G	53
PD4116a	C[T>G]T	62
PD4116a	G[C>A]A	86
PD4116a	G[C>A]C	103
PD4116a	G[C>A]G	10
PD4116a	G[C>A]T	90
PD4116a	G[C>G]A	61
PD4116a	G[C>G]C	72
PD4116a	G[C>G]G	10
PD4116a	G[C>G]T	88
PD4116a	G[C>T]A	79
PD4116a	G[C>T]C	62
PD4116a	G[C>T]G	60
PD4116a	G[C>T]T	93
PD4116a	G[T>A]A	51
PD4116a	G[T>A]C	46
PD4116a	G[T>A]G	47
PD4116a	G[T>A]T	78
PD4116a	G[T>C]A	70
PD4116a	G[T>C]C	45
PD4116a	G[T>C]G	50
PD4116a	G[T>C]T	68
PD4116a	G[T>G]A	28
PD4116a	G[T>G]C	26
PD4116a	G[T>G]G	54
PD4116a	G[T>G]T	39
PD4116a	T[C>A]A	163
PD4116a	T[C>A]C	123
PD4116a	T[C>A]G	10
PD4116a	T[C>A]T	155
PD4116a	T[C>G]A	277
PD4116a	T[C>G]C	128
PD4116a	T[C>G]G	24
PD4116a	T[C>G]T	393
PD4116a	T[C>T]A	254
PD4116a	T[C>T]C	113
PD4116a	T[C>T]G	55
PD4116a	T[C>T]T	211
PD4116a	T[T>A]A	97
PD4116a	T[T>A]C	60
PD4116a	T[T>A]G	39
PD4116a	T[T>A]T	117
PD4116a	T[T>C]A	67
PD4116a	T[T>C]C	60
PD4116a	T[T>C]G	46
PD4116a	T[T>C]T	64
PD4116a	T[T>G]A	43
PD4116a	T[T>G]C	37
PD4116a	T[T>G]G	69
PD4116a	T[T>G]T	93
PD4120a	A[C>A]A	165
PD4120a	A[C>A]C	55
PD4120a	A[C>A]G	20
PD4120a	A[C>A]T	65
PD4120a	A[C>G]A	191
PD4120a	A[C>G]C	72
PD4120a	A[C>G]G	18
PD4120a	A[C>G]T	170
PD4120a	A[C>T]A	345
PD4120a	A[C>T]C	133
PD4120a	A[C>T]G	213
PD4120a	A[C>T]T	162
PD4120a	A[T>A]A	112
PD4120a	A[T>A]C	66
PD4120a	A[T>A]G	57
PD4120a	A[T>A]T	53
PD4120a	A[T>C]A	89
PD4120a	A[T>C]C	40
PD4120a	A[T>C]G	84
PD4120a	A[T>C]T	87
PD4120a	A[T>G]A	30
PD4120a	A[T>G]C	23
PD4120a	A[T>G]G	31
PD4120a	A[T>G]T	31
PD4120a	C[C>A]A	135
PD4120a	C[C>A]C	86
PD4120a	C[C>A]G	25
PD4120a	C[C>A]T	82
PD4120a	C[C>G]A	219
PD4120a	C[C>G]C	61
PD4120a	C[C>G]G	39
PD4120a	C[C>G]T	250
PD4120a	C[C>T]A	687
PD4120a	C[C>T]C	207
PD4120a	C[C>T]G	324
PD4120a	C[C>T]T	396
PD4120a	C[T>A]A	37
PD4120a	C[T>A]C	46
PD4120a	C[T>A]G	30
PD4120a	C[T>A]T	34
PD4120a	C[T>C]A	32
PD4120a	C[T>C]C	60
PD4120a	C[T>C]G	94
PD4120a	C[T>C]T	65
PD4120a	C[T>G]A	11
PD4120a	C[T>G]C	27
PD4120a	C[T>G]G	32
PD4120a	C[T>G]T	31
PD4120a	G[C>A]A	113
PD4120a	G[C>A]C	51
PD4120a	G[C>A]G	22
PD4120a	G[C>A]T	52
PD4120a	G[C>G]A	72
PD4120a	G[C>G]C	46
PD4120a	G[C>G]G	19
PD4120a	G[C>G]T	112
PD4120a	G[C>T]A	334
PD4120a	G[C>T]C	167
PD4120a	G[C>T]G	253
PD4120a	G[C>T]T	217
PD4120a	G[T>A]A	34
PD4120a	G[T>A]C	25
PD4120a	G[T>A]G	43
PD4120a	G[T>A]T	25
PD4120a	G[T>C]A	47
PD4120a	G[T>C]C	38
PD4120a	G[T>C]G	61
PD4120a	G[T>C]T	43
PD4120a	G[T>G]A	19
PD4120a	G[T>G]C	22
PD4120a	G[T>G]G	86
PD4120a	G[T>G]T	34
PD4120a	T[C>A]A	1885
PD4120a	T[C>A]C	763
PD4120a	T[C>A]G	114
PD4120a	T[C>A]T	1046
PD4120a	T[C>G]A	10531
PD4120a	T[C>G]C	2069
PD4120a	T[C>G]G	384
PD4120a	T[C>G]T	13187
PD4120a	T[C>T]A	18171
PD4120a	T[C>T]C	3561
PD4120a	T[C>T]G	1933
PD4120a	T[C>T]T	9261
PD4120a	T[T>A]A	67
PD4120a	T[T>A]C	29
PD4120a	T[T>A]G	29
PD4120a	T[T>A]T	52
PD4120a	T[T>C]A	49
PD4120a	T[T>C]C	53
PD4120a	T[T>C]G	36
PD4120a	T[T>C]T	61
PD4120a	T[T>G]A	30
PD4120a	T[T>G]C	19
PD4120a	T[T>G]G	30
PD4120a	T[T>G]T	73
PD4192a	A[C>A]A	48
PD4192a	A[C>A]C	42
PD4192a	A[C>A]G	16
PD4192a	A[C>A]T	40
PD4192a	A[C>G]A	60
PD4192a	A[C>G]C	26
PD4192a	A[C>G]G	28
PD4192a	A[C>G]T	43
PD4192a	A[C>T]A	51
PD4192a	A[C>T]C	39
PD4192a	A[C>T]G	120
PD4192a	A[C>T]T	36
PD4192a	A[T>A]A	34
PD4192a	A[T>A]C	34
PD4192a	A[T>A]G	37
PD4192a	A[T>A]T	42
PD4192a	A[T>C]A	51
PD4192a	A[T>C]C	24
PD4192a	A[T>C]G	40
PD4192a	A[T>C]T	59
PD4192a	A[T>G]A	28
PD4192a	A[T>G]C	24
PD4192a	A[T>G]G	29
PD4192a	A[T>G]T	29
PD4192a	C[C>A]A	45
PD4192a	C[C>A]C	28
PD4192a	C[C>A]G	15
PD4192a	C[C>A]T	20
PD4192a	C[C>G]A	36
PD4192a	C[C>G]C	26
PD4192a	C[C>G]G	25
PD4192a	C[C>G]T	41
PD4192a	C[C>T]A	59
PD4192a	C[C>T]C	39
PD4192a	C[C>T]G	69
PD4192a	C[C>T]T	48
PD4192a	C[T>A]A	24
PD4192a	C[T>A]C	32
PD4192a	C[T>A]G	28
PD4192a	C[T>A]T	34
PD4192a	C[T>C]A	33
PD4192a	C[T>C]C	36
PD4192a	C[T>C]G	39
PD4192a	C[T>C]T	24
PD4192a	C[T>G]A	12
PD4192a	C[T>G]C	21
PD4192a	C[T>G]G	30
PD4192a	C[T>G]T	26
PD4192a	G[C>A]A	56
PD4192a	G[C>A]C	18
PD4192a	G[C>A]G	12
PD4192a	G[C>A]T	31
PD4192a	G[C>G]A	23
PD4192a	G[C>G]C	16
PD4192a	G[C>G]G	9
PD4192a	G[C>G]T	28
PD4192a	G[C>T]A	36
PD4192a	G[C>T]C	35
PD4192a	G[C>T]G	99
PD4192a	G[C>T]T	44
PD4192a	G[T>A]A	19
PD4192a	G[T>A]C	13
PD4192a	G[T>A]G	19
PD4192a	G[T>A]T	29
PD4192a	G[T>C]A	33
PD4192a	G[T>C]C	24
PD4192a	G[T>C]G	32
PD4192a	G[T>C]T	31
PD4192a	G[T>G]A	13
PD4192a	G[T>G]C	12
PD4192a	G[T>G]G	32
PD4192a	G[T>G]T	23
PD4192a	T[C>A]A	55
PD4192a	T[C>A]C	54
PD4192a	T[C>A]G	10
PD4192a	T[C>A]T	52
PD4192a	T[C>G]A	157
PD4192a	T[C>G]C	91
PD4192a	T[C>G]G	21
PD4192a	T[C>G]T	236
PD4192a	T[C>T]A	178
PD4192a	T[C>T]C	67
PD4192a	T[C>T]G	77
PD4192a	T[C>T]T	111
PD4192a	T[T>A]A	42
PD4192a	T[T>A]C	8
PD4192a	T[T>A]G	18
PD4192a	T[T>A]T	32
PD4192a	T[T>C]A	26
PD4192a	T[T>C]C	29
PD4192a	T[T>C]G	17
PD4192a	T[T>C]T	35
PD4192a	T[T>G]A	19
PD4192a	T[T>G]C	25
PD4192a	T[T>G]G	40
PD4192a	T[T>G]T	62
PD4194a	A[C>A]A	28
PD4194a	A[C>A]C	24
PD4194a	A[C>A]G	6
PD4194a	A[C>A]T	13
PD4194a	A[C>G]A	8
PD4194a	A[C>G]C	5
PD4194a	A[C>G]G	1
PD4194a	A[C>G]T	8
PD4194a	A[C>T]A	24
PD4194a	A[C>T]C	19
PD4194a	A[C>T]G	81
PD4194a	A[C>T]T	11
PD4194a	A[T>A]A	11
PD4194a	A[T>A]C	14
PD4194a	A[T>A]G	9
PD4194a	A[T>A]T	14
PD4194a	A[T>C]A	27
PD4194a	A[T>C]C	10
PD4194a	A[T>C]G	15
PD4194a	A[T>C]T	19
PD4194a	A[T>G]A	3
PD4194a	A[T>G]C	1
PD4194a	A[T>G]G	2
PD4194a	A[T>G]T	7
PD4194a	C[C>A]A	14
PD4194a	C[C>A]C	10
PD4194a	C[C>A]G	4
PD4194a	C[C>A]T	7
PD4194a	C[C>G]A	5
PD4194a	C[C>G]C	3
PD4194a	C[C>G]G	5
PD4194a	C[C>G]T	16
PD4194a	C[C>T]A	34
PD4194a	C[C>T]C	26
PD4194a	C[C>T]G	46
PD4194a	C[C>T]T	25
PD4194a	C[T>A]A	3
PD4194a	C[T>A]C	6
PD4194a	C[T>A]G	4
PD4194a	C[T>A]T	7
PD4194a	C[T>C]A	9
PD4194a	C[T>C]C	11
PD4194a	C[T>C]G	8
PD4194a	C[T>C]T	12
PD4194a	C[T>G]A	4
PD4194a	C[T>G]C	4
PD4194a	C[T>G]G	5
PD4194a	C[T>G]T	5
PD4194a	G[C>A]A	14
PD4194a	G[C>A]C	12
PD4194a	G[C>A]G	8
PD4194a	G[C>A]T	7
PD4194a	G[C>G]A	8
PD4194a	G[C>G]C	7
PD4194a	G[C>G]G	4
PD4194a	G[C>G]T	4
PD4194a	G[C>T]A	32
PD4194a	G[C>T]C	26
PD4194a	G[C>T]G	51
PD4194a	G[C>T]T	19
PD4194a	G[T>A]A	5
PD4194a	G[T>A]C	9
PD4194a	G[T>A]G	5
PD4194a	G[T>A]T	11
PD4194a	G[T>C]A	8
PD4194a	G[T>C]C	9
PD4194a	G[T>C]G	16
PD4194a	G[T>C]T	13
PD4194a	G[T>G]A	1
PD4194a	G[T>G]C	5
PD4194a	G[T>G]G	4
PD4194a	G[T>G]T	4
PD4194a	T[C>A]A	25
PD4194a	T[C>A]C	24
PD4194a	T[C>A]G	2
PD4194a	T[C>A]T	21
PD4194a	T[C>G]A	67
PD4194a	T[C>G]C	28
PD4194a	T[C>G]G	2
PD4194a	T[C>G]T	68
PD4194a	T[C>T]A	89
PD4194a	T[C>T]C	39
PD4194a	T[C>T]G	43
PD4194a	T[C>T]T	49
PD4194a	T[T>A]A	14
PD4194a	T[T>A]C	11
PD4194a	T[T>A]G	5
PD4194a	T[T>A]T	16
PD4194a	T[T>C]A	9
PD4194a	T[T>C]C	12
PD4194a	T[T>C]G	4
PD4194a	T[T>C]T	15
PD4194a	T[T>G]A	3
PD4194a	T[T>G]C	4
PD4194a	T[T>G]G	9
PD4194a	T[T>G]T	10
PD4198a	A[C>A]A	58
PD4198a	A[C>A]C	72
PD4198a	A[C>A]G	12
PD4198a	A[C>A]T	45
PD4198a	A[C>G]A	37
PD4198a	A[C>G]C	27
PD4198a	A[C>G]G	8
PD4198a	A[C>G]T	32
PD4198a	A[C>T]A	75
PD4198a	A[C>T]C	29
PD4198a	A[C>T]G	204
PD4198a	A[C>T]T	46
PD4198a	A[T>A]A	64
PD4198a	A[T>A]C	36
PD4198a	A[T>A]G	36
PD4198a	A[T>A]T	86
PD4198a	A[T>C]A	94
PD4198a	A[T>C]C	25
PD4198a	A[T>C]G	52
PD4198a	A[T>C]T	60
PD4198a	A[T>G]A	50
PD4198a	A[T>G]C	23
PD4198a	A[T>G]G	14
PD4198a	A[T>G]T	24
PD4198a	C[C>A]A	62
PD4198a	C[C>A]C	40
PD4198a	C[C>A]G	8
PD4198a	C[C>A]T	40
PD4198a	C[C>G]A	21
PD4198a	C[C>G]C	17
PD4198a	C[C>G]G	10
PD4198a	C[C>G]T	31
PD4198a	C[C>T]A	67
PD4198a	C[C>T]C	45
PD4198a	C[C>T]G	98
PD4198a	C[C>T]T	58
PD4198a	C[T>A]A	25
PD4198a	C[T>A]C	27
PD4198a	C[T>A]G	31
PD4198a	C[T>A]T	28
PD4198a	C[T>C]A	28
PD4198a	C[T>C]C	39
PD4198a	C[T>C]G	27
PD4198a	C[T>C]T	27
PD4198a	C[T>G]A	15
PD4198a	C[T>G]C	15
PD4198a	C[T>G]G	17
PD4198a	C[T>G]T	35
PD4198a	G[C>A]A	42
PD4198a	G[C>A]C	48
PD4198a	G[C>A]G	3
PD4198a	G[C>A]T	31
PD4198a	G[C>G]A	24
PD4198a	G[C>G]C	26
PD4198a	G[C>G]G	3
PD4198a	G[C>G]T	26
PD4198a	G[C>T]A	58
PD4198a	G[C>T]C	43
PD4198a	G[C>T]G	99
PD4198a	G[C>T]T	45
PD4198a	G[T>A]A	15
PD4198a	G[T>A]C	19
PD4198a	G[T>A]G	20
PD4198a	G[T>A]T	18
PD4198a	G[T>C]A	43
PD4198a	G[T>C]C	27
PD4198a	G[T>C]G	22
PD4198a	G[T>C]T	55
PD4198a	G[T>G]A	14
PD4198a	G[T>G]C	5
PD4198a	G[T>G]G	20
PD4198a	G[T>G]T	23
PD4198a	T[C>A]A	96
PD4198a	T[C>A]C	65
PD4198a	T[C>A]G	14
PD4198a	T[C>A]T	104
PD4198a	T[C>G]A	105
PD4198a	T[C>G]C	45
PD4198a	T[C>G]G	2
PD4198a	T[C>G]T	134
PD4198a	T[C>T]A	289
PD4198a	T[C>T]C	119
PD4198a	T[C>T]G	121
PD4198a	T[C>T]T	190
PD4198a	T[T>A]A	104
PD4198a	T[T>A]C	28
PD4198a	T[T>A]G	17
PD4198a	T[T>A]T	58
PD4198a	T[T>C]A	66
PD4198a	T[T>C]C	65
PD4198a	T[T>C]G	24
PD4198a	T[T>C]T	55
PD4198a	T[T>G]A	21
PD4198a	T[T>G]C	12
PD4198a	T[T>G]G	26
PD4198a	T[T>G]T	43
PD4199a	A[C>A]A	58
PD4199a	A[C>A]C	36
PD4199a	A[C>A]G	13
PD4199a	A[C>A]T	37
PD4199a	A[C>G]A	23
PD4199a	A[C>G]C	19
PD4199a	A[C>G]G	2
PD4199a	A[C>G]T	26
PD4199a	A[C>T]A	38
PD4199a	A[C>T]C	30
PD4199a	A[C>T]G	121
PD4199a	A[C>T]T	40
PD4199a	A[T>A]A	12
PD4199a	A[T>A]C	29
PD4199a	A[T>A]G	22
PD4199a	A[T>A]T	27
PD4199a	A[T>C]A	28
PD4199a	A[T>C]C	22
PD4199a	A[T>C]G	37
PD4199a	A[T>C]T	32
PD4199a	A[T>G]A	6
PD4199a	A[T>G]C	7
PD4199a	A[T>G]G	3
PD4199a	A[T>G]T	2
PD4199a	C[C>A]A	37
PD4199a	C[C>A]C	27
PD4199a	C[C>A]G	8
PD4199a	C[C>A]T	27
PD4199a	C[C>G]A	20
PD4199a	C[C>G]C	14
PD4199a	C[C>G]G	4
PD4199a	C[C>G]T	36
PD4199a	C[C>T]A	81
PD4199a	C[C>T]C	41
PD4199a	C[C>T]G	97
PD4199a	C[C>T]T	69
PD4199a	C[T>A]A	8
PD4199a	C[T>A]C	21
PD4199a	C[T>A]G	14
PD4199a	C[T>A]T	13
PD4199a	C[T>C]A	16
PD4199a	C[T>C]C	21
PD4199a	C[T>C]G	20
PD4199a	C[T>C]T	16
PD4199a	C[T>G]A	2
PD4199a	C[T>G]C	7
PD4199a	C[T>G]G	15
PD4199a	C[T>G]T	11
PD4199a	G[C>A]A	40
PD4199a	G[C>A]C	27
PD4199a	G[C>A]G	9
PD4199a	G[C>A]T	34
PD4199a	G[C>G]A	16
PD4199a	G[C>G]C	15
PD4199a	G[C>G]G	4
PD4199a	G[C>G]T	22
PD4199a	G[C>T]A	60
PD4199a	G[C>T]C	47
PD4199a	G[C>T]G	90
PD4199a	G[C>T]T	52
PD4199a	G[T>A]A	7
PD4199a	G[T>A]C	15
PD4199a	G[T>A]G	14
PD4199a	G[T>A]T	11
PD4199a	G[T>C]A	23
PD4199a	G[T>C]C	15
PD4199a	G[T>C]G	9
PD4199a	G[T>C]T	26
PD4199a	G[T>G]A	6
PD4199a	G[T>G]C	4
PD4199a	G[T>G]G	17
PD4199a	G[T>G]T	10
PD4199a	T[C>A]A	181
PD4199a	T[C>A]C	81
PD4199a	T[C>A]G	15
PD4199a	T[C>A]T	112
PD4199a	T[C>G]A	758
PD4199a	T[C>G]C	206
PD4199a	T[C>G]G	25
PD4199a	T[C>G]T	937
PD4199a	T[C>T]A	1346
PD4199a	T[C>T]C	313
PD4199a	T[C>T]G	219
PD4199a	T[C>T]T	678
PD4199a	T[T>A]A	25
PD4199a	T[T>A]C	13
PD4199a	T[T>A]G	11
PD4199a	T[T>A]T	16
PD4199a	T[T>C]A	16
PD4199a	T[T>C]C	31
PD4199a	T[T>C]G	14
PD4199a	T[T>C]T	26
PD4199a	T[T>G]A	5
PD4199a	T[T>G]C	6
PD4199a	T[T>G]G	8
PD4199a	T[T>G]T	22
PD4248a	A[C>A]A	64
PD4248a	A[C>A]C	43
PD4248a	A[C>A]G	7
PD4248a	A[C>A]T	35
PD4248a	A[C>G]A	25
PD4248a	A[C>G]C	18
PD4248a	A[C>G]G	4
PD4248a	A[C>G]T	31
PD4248a	A[C>T]A	56
PD4248a	A[C>T]C	21
PD4248a	A[C>T]G	75
PD4248a	A[C>T]T	22
PD4248a	A[T>A]A	24
PD4248a	A[T>A]C	21
PD4248a	A[T>A]G	19
PD4248a	A[T>A]T	51
PD4248a	A[T>C]A	60
PD4248a	A[T>C]C	21
PD4248a	A[T>C]G	34
PD4248a	A[T>C]T	39
PD4248a	A[T>G]A	9
PD4248a	A[T>G]C	6
PD4248a	A[T>G]G	10
PD4248a	A[T>G]T	22
PD4248a	C[C>A]A	42
PD4248a	C[C>A]C	21
PD4248a	C[C>A]G	7
PD4248a	C[C>A]T	29
PD4248a	C[C>G]A	10
PD4248a	C[C>G]C	15
PD4248a	C[C>G]G	6
PD4248a	C[C>G]T	18
PD4248a	C[C>T]A	42
PD4248a	C[C>T]C	44
PD4248a	C[C>T]G	44
PD4248a	C[C>T]T	36
PD4248a	C[T>A]A	25
PD4248a	C[T>A]C	16
PD4248a	C[T>A]G	21
PD4248a	C[T>A]T	18
PD4248a	C[T>C]A	18
PD4248a	C[T>C]C	24
PD4248a	C[T>C]G	31
PD4248a	C[T>C]T	17
PD4248a	C[T>G]A	12
PD4248a	C[T>G]C	11
PD4248a	C[T>G]G	11
PD4248a	C[T>G]T	21
PD4248a	G[C>A]A	27
PD4248a	G[C>A]C	21
PD4248a	G[C>A]G	10
PD4248a	G[C>A]T	20
PD4248a	G[C>G]A	9
PD4248a	G[C>G]C	6
PD4248a	G[C>G]G	4
PD4248a	G[C>G]T	18
PD4248a	G[C>T]A	40
PD4248a	G[C>T]C	28
PD4248a	G[C>T]G	49
PD4248a	G[C>T]T	40
PD4248a	G[T>A]A	9
PD4248a	G[T>A]C	5
PD4248a	G[T>A]G	9
PD4248a	G[T>A]T	13
PD4248a	G[T>C]A	28
PD4248a	G[T>C]C	20
PD4248a	G[T>C]G	16
PD4248a	G[T>C]T	39
PD4248a	G[T>G]A	11
PD4248a	G[T>G]C	6
PD4248a	G[T>G]G	19
PD4248a	G[T>G]T	14
PD4248a	T[C>A]A	61
PD4248a	T[C>A]C	30
PD4248a	T[C>A]G	7
PD4248a	T[C>A]T	53
PD4248a	T[C>G]A	48
PD4248a	T[C>G]C	18
PD4248a	T[C>G]G	9
PD4248a	T[C>G]T	69
PD4248a	T[C>T]A	101
PD4248a	T[C>T]C	67
PD4248a	T[C>T]G	41
PD4248a	T[C>T]T	60
PD4248a	T[T>A]A	37
PD4248a	T[T>A]C	9
PD4248a	T[T>A]G	8
PD4248a	T[T>A]T	30
PD4248a	T[T>C]A	24
PD4248a	T[T>C]C	20
PD4248a	T[T>C]G	20
PD4248a	T[T>C]T	40
PD4248a	T[T>G]A	14
PD4248a	T[T>G]C	14
PD4248a	T[T>G]G	11
PD4248a	T[T>G]T	28
